Date of Purchase,Event,Purchased
2024-04-15,FIREBIRD,220.0
2024-04-15,SCHEHERAZADE,180.0
2024-04-16,FIREBIRD,320.0
2024-04-16,SCHEHERAZADE,180.0
2024-04-17,FIREBIRD,320.0
2024-04-17,SCHEHERAZADE,280.0
2024-04-18,FIREBIRD,320.0
2024-04-18,SCHEHERAZADE,430.0
2024-04-20,FIREBIRD,420.0
2024-04-20,SCHEHERAZADE,430.0
2024-04-21,FIREBIRD,420.0
2024-04-21,SCHEHERAZADE,430.0
2024-04-22,FIREBIRD,420.0
2024-04-22,SCHEHERAZADE,480.0
2024-04-24,FIREBIRD,540.0
2024-04-24,SCHEHERAZADE,480.0
2024-04-29,FIREBIRD,740.0
2024-04-29,SCHEHERAZADE,680.0
2024-04-30,FIREBIRD,895.0
2024-04-30,SCHEHERAZADE,700.0
2024-05-04,FIREBIRD,915.0
2024-05-04,SCHEHERAZADE,700.0
2024-05-05,FIREBIRD,1065.0
2024-05-05,SCHEHERAZADE,700.0
2024-05-06,FIREBIRD,1125.0
2024-05-06,SCHEHERAZADE,760.0
2024-05-10,FIREBIRD,1125.0
2024-05-10,SCHEHERAZADE,760.0
2024-05-16,FIREBIRD,1125.0
2024-05-16,SCHEHERAZADE,820.0
2024-05-17,FIREBIRD,1155.0
2024-05-17,SCHEHERAZADE,840.0
2024-05-18,FIREBIRD,1155.0
2024-05-18,SCHEHERAZADE,870.0
2024-05-20,FIREBIRD,1170.0
2024-05-20,SCHEHERAZADE,870.0
2024-05-26,FIREBIRD,1180.0
2024-05-26,SCHEHERAZADE,870.0
2024-05-27,FIREBIRD,1180.0
2024-05-27,SCHEHERAZADE,1020.0
2024-05-29,FIREBIRD,1180.0
2024-05-29,SCHEHERAZADE,1080.0
2024-05-30,FIREBIRD,1180.0
2024-05-30,SCHEHERAZADE,1190.0
2024-05-31,FIREBIRD,1180.0
2024-05-31,SCHEHERAZADE,1197.5
2024-06-02,FIREBIRD,1240.0
2024-06-02,SCHEHERAZADE,1657.5
2024-06-03,FIREBIRD,1366.0
2024-06-03,SCHEHERAZADE,1720.5
2024-06-04,FIREBIRD,1366.0
2024-06-04,SCHEHERAZADE,1770.5
2024-06-05,FIREBIRD,1376.0
2024-06-05,SCHEHERAZADE,1870.5
2024-06-06,FIREBIRD,1376.0
2024-06-06,SCHEHERAZADE,1870.5
2024-06-07,FIREBIRD,1376.0
2024-06-07,SCHEHERAZADE,1920.5
2024-06-08,FIREBIRD,1377.0
2024-06-08,SCHEHERAZADE,1950.5
2024-06-09,FIREBIRD,1475.0
2024-06-09,SCHEHERAZADE,2025.5
2024-06-10,FIREBIRD,1636.0
2024-06-10,SCHEHERAZADE,2295.5
2024-06-11,FIREBIRD,1636.0
2024-06-11,SCHEHERAZADE,2475.5
2024-06-12,FIREBIRD,1826.0
2024-06-12,SCHEHERAZADE,2635.5
2024-06-13,FIREBIRD,1826.0
2024-06-13,SCHEHERAZADE,2765.5
2024-06-14,FIREBIRD,2236.0
2024-06-14,SCHEHERAZADE,2765.5
2024-06-15,FIREBIRD,2236.0
2024-06-15,SCHEHERAZADE,2865.5
2024-06-16,FIREBIRD,2236.0
2024-06-16,SCHEHERAZADE,2865.5
2024-06-17,FIREBIRD,2286.0
2024-06-17,SCHEHERAZADE,2925.5
2024-06-18,FIREBIRD,2376.0
2024-06-18,SCHEHERAZADE,3495.5
2024-06-19,FIREBIRD,2381.0
2024-06-19,SCHEHERAZADE,3495.5
2024-06-20,FIREBIRD,2486.0
2024-06-20,SCHEHERAZADE,3565.5
2024-06-21,FIREBIRD,2486.0
2024-06-21,SCHEHERAZADE,3825.5
2024-06-22,FIREBIRD,2506.0
2024-06-22,SCHEHERAZADE,3885.5
2024-06-23,FIREBIRD,2666.0
2024-06-23,SCHEHERAZADE,4045.5
2024-06-24,FIREBIRD,2666.0
2024-06-24,SCHEHERAZADE,4055.5
2024-06-25,FIREBIRD,2756.0
2024-06-25,SCHEHERAZADE,4055.5
2024-06-26,FIREBIRD,2786.0
2024-06-26,SCHEHERAZADE,4278.5
2024-06-27,FIREBIRD,2901.0
2024-06-27,SCHEHERAZADE,4328.5
2024-06-28,FIREBIRD,3111.0
2024-06-28,SCHEHERAZADE,4452.07
2024-06-29,FIREBIRD,3291.0
2024-06-29,SCHEHERAZADE,4452.07
2024-06-30,FIREBIRD,3321.0
2024-06-30,SCHEHERAZADE,4542.07
2024-07-01,FIREBIRD,3591.0
2024-07-01,SCHEHERAZADE,4562.07
2024-07-02,FIREBIRD,3711.0
2024-07-02,SCHEHERAZADE,4782.07
2024-07-03,FIREBIRD,3781.0
2024-07-03,SCHEHERAZADE,4782.07
2024-07-04,FIREBIRD,3931.0
2024-07-04,SCHEHERAZADE,4862.07
2024-07-05,FIREBIRD,3933.0
2024-07-05,SCHEHERAZADE,4864.07
2024-07-06,FIREBIRD,4033.0
2024-07-06,SCHEHERAZADE,4969.07
2024-07-07,FIREBIRD,4338.0
2024-07-07,SCHEHERAZADE,5174.07
2024-07-08,FIREBIRD,4468.0
2024-07-08,SCHEHERAZADE,5174.07
2024-07-09,FIREBIRD,4632.0
2024-07-09,SCHEHERAZADE,5274.07
2024-07-10,FIREBIRD,5352.0
2024-07-10,SCHEHERAZADE,5364.07
2024-07-11,FIREBIRD,5874.14
2024-07-11,SCHEHERAZADE,5446.929999999999
2024-07-12,FIREBIRD,6485.14
2024-07-12,SCHEHERAZADE,5596.929999999999
2024-07-13,FIREBIRD,7533.64
2024-07-13,SCHEHERAZADE,5676.929999999999
2024-07-14,FIREBIRD,8923.64
2024-07-14,SCHEHERAZADE,5915.129999999999
2024-07-15,FIREBIRD,8923.64
2024-07-15,SCHEHERAZADE,5976.629999999999
2024-07-16,FIREBIRD,8923.64
2024-07-16,SCHEHERAZADE,6196.629999999999
2024-07-17,FIREBIRD,8923.64
2024-07-17,SCHEHERAZADE,6736.629999999999
2024-07-18,FIREBIRD,8923.64
2024-07-18,SCHEHERAZADE,6798.629999999999
2024-07-19,FIREBIRD,8923.64
2024-07-19,SCHEHERAZADE,6818.629999999999
2024-07-20,FIREBIRD,8923.64
2024-07-20,SCHEHERAZADE,7003.629999999999
2024-07-21,FIREBIRD,8923.64
2024-07-21,SCHEHERAZADE,7353.629999999999
2024-07-22,FIREBIRD,8923.64
2024-07-22,SCHEHERAZADE,7633.629999999999
2024-07-23,FIREBIRD,8923.64
2024-07-23,SCHEHERAZADE,8578.63
2024-07-24,FIREBIRD,8923.64
2024-07-24,SCHEHERAZADE,8862.13
2024-07-25,FIREBIRD,8923.64
2024-07-25,SCHEHERAZADE,9242.13
2024-07-26,FIREBIRD,8923.64
2024-07-26,SCHEHERAZADE,10101.13
2024-07-27,FIREBIRD,8923.64
2024-07-27,SCHEHERAZADE,11143.699999999999
2024-07-28,FIREBIRD,8923.64
2024-07-28,SCHEHERAZADE,12508.269999999999
2025-03-17,Beethoven 5,1218.6200000000001
2025-03-17,Tchaikovsky 5,363.84000000000003
2025-03-18,Beethoven 5,1325.88
2025-03-18,Tchaikovsky 5,363.84000000000003
2025-03-19,Beethoven 5,1433.14
2025-03-19,Tchaikovsky 5,363.84000000000003
2025-03-20,Beethoven 5,1647.66
2025-03-20,Tchaikovsky 5,363.84000000000003
2025-03-21,Beethoven 5,1808.5500000000002
2025-03-21,Tchaikovsky 5,363.84000000000003
2025-04-04,Beethoven 5,1915.8100000000002
2025-04-04,Tchaikovsky 5,363.84000000000003
2025-04-07,Beethoven 5,2144.63
2025-04-07,Tchaikovsky 5,499.36
2025-04-10,Beethoven 5,2209.81
2025-04-10,Tchaikovsky 5,499.36
2025-04-16,Beethoven 5,2340.17
2025-04-16,Tchaikovsky 5,499.36
2025-04-17,Beethoven 5,2340.17
2025-04-17,Tchaikovsky 5,564.54
2025-04-25,Beethoven 5,2405.35
2025-04-25,Tchaikovsky 5,564.54
2025-04-28,Beethoven 5,2437.94
2025-04-28,Tchaikovsky 5,597.13
2025-05-03,Beethoven 5,2503.12
2025-05-03,Tchaikovsky 5,597.13
2025-05-15,Beethoven 5,2619.8599999999997
2025-05-15,Tchaikovsky 5,597.13
2025-05-18,Beethoven 5,2652.45
2025-05-18,Tchaikovsky 5,704.39
2025-05-19,Beethoven 5,2652.45
2025-05-19,Tchaikovsky 5,905.27
2025-05-20,Beethoven 5,2813.3399999999997
2025-05-20,Tchaikovsky 5,970.45
2025-05-22,Beethoven 5,2920.6
2025-05-22,Tchaikovsky 5,970.45
2025-05-24,Beethoven 5,2920.6
2025-05-24,Tchaikovsky 5,1264.38
2025-05-25,Beethoven 5,3027.86
2025-05-25,Tchaikovsky 5,1371.64
2025-05-26,Beethoven 5,3093.04
2025-05-26,Tchaikovsky 5,1371.64
2025-05-28,Beethoven 5,3093.04
2025-05-28,Tchaikovsky 5,1565.1200000000001
2025-05-30,Beethoven 5,3223.4
2025-05-30,Tchaikovsky 5,1565.1200000000001
2025-06-02,Beethoven 5,3288.58
2025-06-02,Tchaikovsky 5,1630.3000000000002
2025-06-05,Beethoven 5,3353.7599999999998
2025-06-05,Tchaikovsky 5,1662.89
2025-06-07,Beethoven 5,3515.08
2025-06-07,Tchaikovsky 5,1662.89
2025-06-08,Beethoven 5,3622.34
2025-06-08,Tchaikovsky 5,1662.89
2025-06-09,Beethoven 5,3729.6000000000004
2025-06-09,Tchaikovsky 5,1695.48
2025-06-10,Beethoven 5,3990.3200000000006
2025-06-10,Tchaikovsky 5,1728.07
2025-06-11,Beethoven 5,4153.27
2025-06-11,Tchaikovsky 5,1728.07
2025-06-12,Beethoven 5,4323.7300000000005
2025-06-12,Tchaikovsky 5,1728.07
2025-06-13,Beethoven 5,4535.7300000000005
2025-06-13,Tchaikovsky 5,1784.07
2025-06-14,Beethoven 5,4568.330000000001
2025-06-14,Tchaikovsky 5,1806.47
2025-06-16,Beethoven 5,4674.330000000001
2025-06-16,Tchaikovsky 5,1806.47
2025-06-17,Beethoven 5,5035.470000000001
2025-06-17,Tchaikovsky 5,1851.27
2025-06-18,Beethoven 5,5191.470000000001
2025-06-18,Tchaikovsky 5,1851.27
2025-06-20,Beethoven 5,5278.850000000001
2025-06-20,Tchaikovsky 5,2036.77
2025-06-21,Beethoven 5,5457.250000000001
2025-06-21,Tchaikovsky 5,2140.77
2025-06-22,Beethoven 5,5604.350000000001
2025-06-22,Tchaikovsky 5,2146.2599999999998
2025-06-23,Beethoven 5,5899.950000000002
2025-06-23,Tchaikovsky 5,2241.06
2025-06-24,Beethoven 5,5899.950000000002
2025-06-24,Tchaikovsky 5,2241.06
2025-06-25,Beethoven 5,6026.350000000001
2025-06-25,Tchaikovsky 5,2449.06
2025-06-26,Beethoven 5,10962.95
2025-06-26,Tchaikovsky 5,2524.24
2025-06-27,Beethoven 5,11438.050000000001
2025-06-27,Tchaikovsky 5,2628.24
2025-06-28,Beethoven 5,11659.640000000001
2025-06-28,Tchaikovsky 5,2628.24
2025-06-29,Beethoven 5,11941.02
2025-06-29,Tchaikovsky 5,2628.24
2025-06-30,Beethoven 5,12058.12
2025-06-30,Tchaikovsky 5,2743.4399999999996
2025-07-01,Beethoven 5,12215.12
2025-07-01,Tchaikovsky 5,2743.4399999999996
2025-07-02,Beethoven 5,12414.92
2025-07-02,Tchaikovsky 5,2840.24
2025-07-03,Beethoven 5,12639.12
2025-07-03,Tchaikovsky 5,2861.64
2025-07-04,Beethoven 5,12942.12
2025-07-04,Tchaikovsky 5,3042.14
2025-07-05,Beethoven 5,13603.720000000001
2025-07-05,Tchaikovsky 5,3142.04
2025-07-06,Beethoven 5,14214.54
2025-07-06,Tchaikovsky 5,3343.62
2025-07-07,Beethoven 5,14430.640000000001
2025-07-07,Tchaikovsky 5,3551.62
2025-07-08,Beethoven 5,14729.94
2025-07-08,Tchaikovsky 5,3574.02
2025-07-09,Beethoven 5,15129.34
2025-07-09,Tchaikovsky 5,3585.22
2025-07-10,Beethoven 5,15770.44
2025-07-10,Tchaikovsky 5,3682.1
2025-07-11,Beethoven 5,16766.34
2025-07-11,Tchaikovsky 5,3713.7
2025-07-12,Beethoven 5,17278.48
2025-07-12,Tchaikovsky 5,3997.5899999999997
2025-07-13,Beethoven 5,18604.52
2025-07-13,Tchaikovsky 5,4621.95
2025-07-14,Beethoven 5,18604.52
2025-07-14,Tchaikovsky 5,4874.53
2025-07-15,Beethoven 5,18604.52
2025-07-15,Tchaikovsky 5,5046.73
2025-07-16,Beethoven 5,18604.52
2025-07-16,Tchaikovsky 5,5544.129999999999
2025-07-17,Beethoven 5,18604.52
2025-07-17,Tchaikovsky 5,5909.389999999999
2025-07-18,Beethoven 5,18604.52
2025-07-18,Tchaikovsky 5,6108.469999999999
2025-07-19,Beethoven 5,18604.52
2025-07-19,Tchaikovsky 5,6489.669999999999
2025-07-20,Beethoven 5,18604.52
2025-07-20,Tchaikovsky 5,7114.349999999999
2025-07-21,Beethoven 5,18604.52
2025-07-21,Tchaikovsky 5,7561.95
2025-07-22,Beethoven 5,18604.52
2025-07-22,Tchaikovsky 5,7732.15
2025-07-23,Beethoven 5,18604.52
2025-07-23,Tchaikovsky 5,7916.65
2025-07-24,Beethoven 5,18604.52
2025-07-24,Tchaikovsky 5,8321.23
2025-07-25,Beethoven 5,18604.52
2025-07-25,Tchaikovsky 5,8890.029999999999
2025-07-26,Beethoven 5,18604.52
2025-07-26,Tchaikovsky 5,9040.609999999999
2025-07-27,Beethoven 5,18604.52
2025-07-27,Tchaikovsky 5,9442.499999999998
2025-07-28,Beethoven 5,18604.52
2025-07-28,Tchaikovsky 5,9641.299999999997
2025-07-29,Beethoven 5,18604.52
2025-07-29,Tchaikovsky 5,10403.799999999997
2025-07-30,Beethoven 5,18604.52
2025-07-30,Tchaikovsky 5,10932.699999999997
2025-07-31,Beethoven 5,18604.52
2025-07-31,Tchaikovsky 5,11486.099999999997
2025-08-01,Beethoven 5,18604.52
2025-08-01,Tchaikovsky 5,12721.509999999997
2025-08-02,Beethoven 5,18604.52
2025-08-02,Tchaikovsky 5,13413.509999999997
2025-08-03,Beethoven 5,18604.52
2025-08-03,Tchaikovsky 5,14853.979999999996
